<?xml version="1.0" encoding="UTF-8"?>
<app:RtdmRequest xmlns:app="http://eurion.rsb.ru/rtdm/Application">
    <application>
        <client>
            <clientId>19728589</clientId>
            <photo/>
            <firstName>МИХАИЛ</firstName>
            <lastName>АКАШКИН</lastName>
            <middleName>СЕРГЕЕВИЧ</middleName>
            <passport>
                <passportSeries>0000</passportSeries>
                <passportNumber>456465</passportNumber>
                <birthDate>1980-11-11</birthDate>
                <passportIssueDate>2001-11-11</passportIssueDate>
                <passportIssueSubdivision>ВВВВВВВВВВВВ ВВВВВВВВВВ</passportIssueSubdivision>
                <passportIssueSubdivisionCode>045465</passportIssueSubdivisionCode>
                <birthPlace>Москва</birthPlace>
                <citizenshipId>1</citizenshipId>
                <sexId>1</sexId>
            </passport>
            <additionalDocumentList/>
            <shortPassportList/>
            <registrationAddress>
                <addressTitle/>
                <regionCode>6902200019800</regionCode>
                <region>Тверская обл</region>
                <district>Нелидовский р-н</district>
                <city/>
                <locality>321 км автодороги Москва-Рига тер</locality>
                <street/>
                <streetType/>
                <building>73</building>
                <housing/>
                <apartment>48</apartment>
            </registrationAddress>
            <homeAddress>
                <addressTitle/>
                <regionCode>6402200019800</regionCode>
                <region>Тверская обл</region>
                <district>Нелидовский р-н</district>
                <city/>
                <locality>321 км автодороги Москва-Рига тер</locality>
                <street/>
                <streetType/>
                <building>73</building>
                <housing/>
                <apartment>48</apartment>
            </homeAddress>
            <educationId>5</educationId>
            <maritalStatus>
                <maritalStatus>2</maritalStatus>
                <spouseFullName/>
                <spouseBirthDate/>
                <spouseDependent/>
                <childrenAmount/>
                <childrenDependentAmount/>
            </maritalStatus>
            <novel>false</novel>
            <snilsInfo>
                <snils>12156587822</snils>
                <signalAFS>false</signalAFS>
                <stateService>true</stateService>
                <statementPFRExist>true</statementPFRExist>
                <statementPFRValid>true</statementPFRValid>
                <snilsImageId>1234567</snilsImageId>
            </snilsInfo>
        </client>
        <job>
            <opf/>
            <name>Шир виладж</name>
            <inn>-=NULL=-</inn>
            <position>3</position>
            <experience>1</experience>
            <jobAddress>
                <addressTitle/>
                <regionCode>16000001000037100</regionCode>
                <region>Татарстан Респ</region>
                <district/>
                <city>Казань г</city>
                <locality/>
                <street>Декабристов</street>
                <streetType>ул</streetType>
                <building>99</building>
                <housing/>
                <apartment>74</apartment>
            </jobAddress>
            <income>60000</income>
        </job>
        <contact>
            <jobPhone>4994954045</jobPhone>
            <jobPhoneExtension/>
            <mobilePhone>9197760662</mobilePhone>
            <homePhone>9303194545</homePhone>
            <otherContactPhone>9006891234</otherContactPhone>
            <otherPhone/>
            <otherPhoneComment/>
        </contact>
        <product>
            <blankId>204274110</blankId>
            <creditAmount>500000</creditAmount>
            <reqCreditAmount>500000</reqCreditAmount>
            <creditTerm>70</creditTerm>
            <creditLoad/>
            <expenses/>
            <possibleMonthlyPayment/>
            <rate>1</rate>
            <monthlyPayment>0</monthlyPayment>
            <cardTypeId>6656</cardTypeId>
            <productType>Неопределенный продукт брокер</productType>
            <creditType>POS</creditType>
            <productCategory/>
            <initialFee>420</initialFee>
        </product>
        <requestInfo>
            <region>РП Тверь</region>
            <authorId/>
            <branchId>183745019</branchId>
            <branchName>ЭКСПЕРТ*</branchName>
            <additionalDocumentRequired>false</additionalDocumentRequired>
            <preCheckRequired/>
            <skillGroupId>4</skillGroupId>
            <rtdmId>200000004</rtdmId>
            <rtdmPriority>1</rtdmPriority>
            <regionCode>31</regionCode>
            <outOfDialTime>false</outOfDialTime>
            <saleChannelId>33</saleChannelId>
            <attractionChannelId>80</attractionChannelId>
            <routingReasons/>
        </requestInfo>
    </application>

    <rtdmDecisions>
        <decision cause="OK" decision="ACCEPT" date="2018-11-11T00:00:00.000"/>
        <decision cause="Не OK" decision="REVOKE" date="2018-11-12T00:00:00.000"/>
        <decision cause="Пересчет" decision="RECALC" date="2018-11-13T00:00:00.000"/>
    </rtdmDecisions>
</app:RtdmRequest>