<?xml version="1.0"?>
<FindBugsFilter>

    <!-- Reason: Optimization to use == -->
    <Match>
        <Class name="ru.rsb.eurion.service.underwriting.ApplicationRTDMMapperImpl"/>
        <Bug pattern="NP_BOOLEAN_RETURN_NULL"/>
    </Match>
    <Match>
        <Class name="ru.rsb.eurion.service.application.ApplicationViewMapperImpl"/>
        <Bug pattern="NP_BOOLEAN_RETURN_NULL"/>
    </Match>

    <Match>
        <!-- Mockito -->
        <Class name="~.*Test"/>
        <Bug pattern="RV_RETURN_VALUE_IGNORED_NO_SIDE_EFFECT"/>
    </Match>

    <Match>
        <Class name="ru.rsb.eurion.service.underwriting.request.PhoneDetailMapperImpl"/>
        <Bug pattern="RCN_REDUNDANT_NULLCHECK_OF_NONNULL_VALUE"/>
    </Match>

    <Match>
        <Class name="ru.rsb.eurion.service.application.priority.UserDynamicSqlSupport$UserTable"/>
        <Bug pattern="EQ_UNUSUAL"/>
    </Match>
</FindBugsFilter>